Daily commit on Fri Aug  8 06:21:34 UTC 2025
Daily commit on Fri Aug  8 06:21:49 UTC 2025
Daily commit on Fri Aug  8 12:29:19 UTC 2025
Daily commit on Sat Aug  9 12:26:00 UTC 2025
Daily commit on Sun Aug 10 12:26:14 UTC 2025
Daily commit on Mon Aug 11 12:29:52 UTC 2025
Daily commit on Tue Aug 12 12:27:50 UTC 2025
Daily commit on Wed Aug 13 12:28:29 UTC 2025
Daily commit on Thu Aug 14 12:28:46 UTC 2025
Daily commit on Fri Aug 15 12:26:46 UTC 2025
Daily commit on Sat Aug 16 12:24:55 UTC 2025
Daily commit on Sun Aug 17 12:25:26 UTC 2025
Daily commit on Mon Aug 18 12:28:52 UTC 2025
Daily commit on Tue Aug 19 12:26:50 UTC 2025
Daily commit on Wed Aug 20 12:26:46 UTC 2025
Daily commit on Thu Aug 21 12:26:38 UTC 2025
Daily commit on Fri Aug 22 12:25:39 UTC 2025
Daily commit on Sat Aug 23 12:23:09 UTC 2025
Daily commit on Sun Aug 24 12:23:47 UTC 2025
Daily commit on Mon Aug 25 12:27:15 UTC 2025
Daily commit on Tue Aug 26 12:28:37 UTC 2025
Daily commit on Wed Aug 27 12:26:27 UTC 2025
Daily commit on Thu Aug 28 12:26:11 UTC 2025
Daily commit on Fri Aug 29 12:25:26 UTC 2025
Daily commit on Sat Aug 30 12:22:34 UTC 2025
Daily commit on Sun Aug 31 12:23:01 UTC 2025
Daily commit on Mon Sep  1 12:27:09 UTC 2025
Daily commit on Tue Sep  2 12:26:45 UTC 2025
Daily commit on Wed Sep  3 12:25:44 UTC 2025
Daily commit on Thu Sep  4 12:26:10 UTC 2025
Daily commit on Fri Sep  5 12:24:57 UTC 2025
Daily commit on Sat Sep  6 12:21:39 UTC 2025
Daily commit on Sun Sep  7 12:22:25 UTC 2025
Daily commit on Mon Sep  8 12:27:39 UTC 2025
Daily commit on Tue Sep  9 12:27:30 UTC 2025
Daily commit on Wed Sep 10 12:25:21 UTC 2025
Daily commit on Thu Sep 11 12:24:57 UTC 2025
Daily commit on Fri Sep 12 12:25:10 UTC 2025
Daily commit on Sat Sep 13 12:22:05 UTC 2025
Daily commit on Sun Sep 14 12:21:49 UTC 2025
Daily commit on Mon Sep 15 12:26:29 UTC 2025
Daily commit on Tue Sep 16 12:26:02 UTC 2025
Daily commit on Wed Sep 17 12:26:07 UTC 2025
Daily commit on Thu Sep 18 12:25:28 UTC 2025
Daily commit on Fri Sep 19 12:26:28 UTC 2025
Daily commit on Sat Sep 20 12:23:10 UTC 2025
Daily commit on Sun Sep 21 12:22:43 UTC 2025
Daily commit on Mon Sep 22 12:26:47 UTC 2025
Daily commit on Tue Sep 23 12:25:42 UTC 2025
Daily commit on Wed Sep 24 12:26:27 UTC 2025
Daily commit on Thu Sep 25 12:27:47 UTC 2025
Daily commit on Fri Sep 26 12:25:45 UTC 2025
Daily commit on Sat Sep 27 12:22:30 UTC 2025
Daily commit on Sun Sep 28 12:22:45 UTC 2025
Daily commit on Mon Sep 29 12:27:08 UTC 2025
Daily commit on Tue Sep 30 12:27:22 UTC 2025
Daily commit on Wed Oct  1 12:28:03 UTC 2025
Daily commit on Thu Oct  2 12:24:51 UTC 2025
Daily commit on Fri Oct  3 12:25:34 UTC 2025
Daily commit on Sat Oct  4 12:22:16 UTC 2025
Daily commit on Sun Oct  5 12:22:31 UTC 2025
Daily commit on Mon Oct  6 12:26:54 UTC 2025
Daily commit on Tue Oct  7 12:27:19 UTC 2025
Daily commit on Wed Oct  8 12:27:13 UTC 2025
Daily commit on Thu Oct  9 12:26:40 UTC 2025
Daily commit on Fri Oct 10 12:26:59 UTC 2025
Daily commit on Sat Oct 11 12:22:24 UTC 2025
Daily commit on Sun Oct 12 12:22:44 UTC 2025
Daily commit on Mon Oct 13 12:26:53 UTC 2025
Daily commit on Tue Oct 14 12:27:56 UTC 2025
Daily commit on Wed Oct 15 12:28:15 UTC 2025
Daily commit on Thu Oct 16 12:27:49 UTC 2025
Daily commit on Fri Oct 17 12:26:43 UTC 2025
Daily commit on Sat Oct 18 12:23:24 UTC 2025
Daily commit on Sun Oct 19 12:23:22 UTC 2025
Daily commit on Mon Oct 20 12:28:04 UTC 2025
Daily commit on Tue Oct 21 12:27:46 UTC 2025
Daily commit on Wed Oct 22 12:28:01 UTC 2025
Daily commit on Thu Oct 23 12:28:13 UTC 2025
Daily commit on Fri Oct 24 12:28:08 UTC 2025
Daily commit on Sat Oct 25 12:23:06 UTC 2025
Daily commit on Sun Oct 26 12:23:46 UTC 2025
Daily commit on Mon Oct 27 12:28:07 UTC 2025
Daily commit on Tue Oct 28 12:26:49 UTC 2025
Daily commit on Wed Oct 29 12:28:24 UTC 2025
Daily commit on Thu Oct 30 12:27:39 UTC 2025
Daily commit on Fri Oct 31 12:27:46 UTC 2025
Daily commit on Sat Nov  1 12:23:23 UTC 2025
Daily commit on Sun Nov  2 12:23:07 UTC 2025
Daily commit on Mon Nov  3 12:28:36 UTC 2025
Daily commit on Tue Nov  4 12:29:25 UTC 2025
Daily commit on Wed Nov  5 12:28:01 UTC 2025
Daily commit on Thu Nov  6 12:27:24 UTC 2025
Daily commit on Fri Nov  7 12:26:43 UTC 2025
Daily commit on Sat Nov  8 12:23:44 UTC 2025
Daily commit on Sun Nov  9 12:23:32 UTC 2025
Daily commit on Mon Nov 10 12:28:11 UTC 2025
Daily commit on Tue Nov 11 12:27:50 UTC 2025
Daily commit on Wed Nov 12 12:28:25 UTC 2025
Daily commit on Thu Nov 13 12:28:59 UTC 2025
Daily commit on Fri Nov 14 12:28:16 UTC 2025
Daily commit on Sat Nov 15 12:23:45 UTC 2025
Daily commit on Sun Nov 16 12:24:02 UTC 2025
Daily commit on Mon Nov 17 12:28:04 UTC 2025
Daily commit on Tue Nov 18 12:28:36 UTC 2025
Daily commit on Wed Nov 19 12:28:24 UTC 2025
Daily commit on Thu Nov 20 12:27:59 UTC 2025
Daily commit on Fri Nov 21 12:27:02 UTC 2025
Daily commit on Sat Nov 22 12:23:20 UTC 2025
Daily commit on Sun Nov 23 12:23:12 UTC 2025
Daily commit on Mon Nov 24 12:28:16 UTC 2025
Daily commit on Tue Nov 25 12:29:04 UTC 2025
Daily commit on Wed Nov 26 12:29:09 UTC 2025
Daily commit on Thu Nov 27 12:28:57 UTC 2025
Daily commit on Fri Nov 28 12:27:39 UTC 2025
Daily commit on Sat Nov 29 12:25:26 UTC 2025
